,,14/1,15/1,16/1,17/1,18/1,19/1,20/1,21/1,22/1,23/1,24/1
God of War I Legendado em PT-BR,Games,8514,8314,7645,6758,6332,6112,6543,5020,5048,6287,3430
GTA IV PATCH 1.0.3.0 + CRACK,Games PC,2532,2471,2454,2175,2183,1200,1922,1561,1078,1799,1102
Def Jam Fight For NY - PS2 (PAL),Games Playstation,2299,1877,2100,2048,1518,1138,1241,1272,1044,1552,831
Subway Surfers (2012) !PC!,Games PC,2207,1787,1798,2221,2365,1958,1583,1446,1301,2300,921
Minecraft 1 7 2 [Cracked] [Installer] [Updater] [Serverlist],Games PC,2176,1617,1348,1330,1142,1327,1422,1009,0,1314,628
The Sims 3 Generations-RELOADED,Games,1547,1307,1557,2454,2058,1805,2191,1940,1303,2254,1034
PSP Game Resistance Retribution UMDFULL Multi4 WwW fantastico CL,Games PSP,1349,1170,1459,1634,1433,1265,1228,1115,1599,915,555
rome total war gold + crack,Games PC,1185,1000,1086,966,0,750,780,0,0,0,0
PESEdit 2013 Patch 4 1,Games PSP,1157,1031,0,0,811,784,845,925,0,775,484
Batman Arkham Origins Update v20131106 RELOADED,Games,1075,1221,981,733,0,0,0,1074,0,768,480
Call Of Duty Modern Warfare 2 XBOX360 RF-XBOX LIVE READY,Games X-Box,0,0,875,1098,948,0,802,0,0,0,0
Lord of the Rings:Battle for Middle-Earth II,Games PC,0,0,0,0,847,0,0,0,0,0,0
Battlefield 4-RELOADED,Games,0,0,0,0,0,858,0,0,0,792,495
[Wii]Marines Modern Urban Combat[PAL][ScRuBBeD] wbfs,Games Wii,0,0,0,0,0,0,0,2144,0,0,0
StarCraft 2 Heart of the Swarm v2.0 RePack MULTi2-VodilaMac,Games PC,0,0,0,0,0,0,0,0,1801,0,0
Knights Contract PS3,Games Playstation,0,0,0,0,0,0,0,0,1736,0,0
The Sims 2 + All Expansions [WORKING] - Rebuild - Khaos Industri,Games,0,0,0,0,0,0,0,0,1608,0,0
Divinity II Ego Draconis [English][PCDVD],Games PC,0,0,0,0,0,0,0,0,1366,0,0
